noUrut,noPetaBidang,namaPemilik,tanggalLahir,pekerjaan,alamat,nik,nib,rtRw,letakKelurahan,letakKecamatan,danomNo,luasSesuaiAlasHak,luasHasilUkur,nisTerkena,luasKena,nisSisa,luasSisa,suratTandaBukti,bangunanRingkas,tanamanRingkas,keterangan
1,1,Gang,,,,,,005/003,Rangkapan Jaya Baru,Pancoran Mas,,11,,00001,11,,,,,,"PBT No. 749/2026, 31 Juli 2026; Surat Dinas Perumahan dan Pemukiman, 31 Juli 2026"
2,2,Sudirman,"Ciamis, 20-01-1978",Wiraswasta,"Jl. Cinere Raya No. 17C, Kel. Cinere, Kec. Cinere",3276042001760003,02271,005/003,Rangkapan Jaya Baru,Pancoran Mas,,272,272,00002,72,00082,200,SHM No.02412/Rangkapan Jaya Baru; AJB No.74/2026 (20-05-2026),"Bangunan permanen, teras, lt.floor/beton, listrik, papan reklame (a.n. Eko Novianto, Ahli Waris Alm. Surono)",,"PBT No. 749/2026, 31 Juli 2026; Surat Dinas Perumahan dan Pemukiman, 31 Juli 2026"
3,3,Adi Supriyadi,"Cirebon, 28-07-1997",Wiraswasta,"Kp. Parung Bingung, Kel. Rangkapan Jaya Baru, Kec. Pancoran Mas",3209102607970001,02270,005/003,Rangkapan Jaya Baru,Pancoran Mas,,105,105,00003,53,00063,52,SHM No.02411/Rangkapan Jaya Baru,"Bangunan permanen, lt.floor/beton, listrik, sumur gali",,"PBT No. 749/2026, 31 Juli 2026; Surat Dinas Perumahan dan Pemukiman, 31 Juli 2026"
4,4,Syafrizal,"Pariaman, 15-07-1950",Wiraswasta,"Jl. Arief Rahman Hakim, Kel. Depok, Kec. Pancoran Mas",3276011507500004,GS. No.1257/1997,005/003,Rangkapan Jaya Baru,Pancoran Mas,,650,623,00004,61,00064,542,SHM No.06125/Rangkapan Jaya (GS No.1257/1997),"Saung, paving block, pagar, papan reklame, septictank+rembesan, sumur resapan",,"PBT No. 749/2026, 31 Juli 2026; Surat Dinas Perumahan dan Pemukiman, 31 Juli 2026"
5,5,Syafrizal,"Pariaman, 15-07-1950",Wiraswasta,"Jl. Arief Rahman Hakim, Kel. Depok, Kec. Pancoran Mas",3276011507500004,GS. No.1179/1975,005/003,Rangkapan Jaya Baru,Pancoran Mas,,600,635,00005,91,00065,544,SHM No.00446/Rangkapan Jaya (GS No.1179/1975),,,"PBT No. 749/2026, 31 Juli 2026; Surat Dinas Perumahan dan Pemukiman, 31 Juli 2026"
6,6,Thomas Hosean Clovanlee,"Jakarta, 13-01-1955",Wiraswasta,"Kondominium Taman Anggrek TWR 2-43G, Kel. Tanjung Duren Selatan, Kec. Grogol Petamburan",3173021301550002,GS No.6507/1990,005/003,Rangkapan Jaya Baru,Pancoran Mas,,696,699,00006,121,00066,576,SHM No.002001/Rangkapan Jaya Baru (GS No.6507/1990),"Lt.floor/beton, paving block, pagar, papan reklame, septictank+rembesan, sumur resapan",,"PBT No. 749/2026, 31 Juli 2026; Surat Dinas Perumahan dan Pemukiman, 31 Juli 2026"
7,7,Budiman Siregar,"Sumut, 17-01-1952",Wiraswasta,"Jl. Arief Rahman Hakim No.15, Kel. Beji, Kec. Beji",3276061701520003,SU 02266,005/003,Rangkapan Jaya Baru,Pancoran Mas,,335,336,00007,52,00067,264,SHM No.03329/Rangkapan Jaya Baru (SU 02266),"Bangunan permanen, lt.floor/beton, listrik",,"PBT No. 749/2026, 31 Juli 2026; Surat Dinas Perumahan dan Pemukiman, 31 Juli 2026"
8,8,Ong Handi Irawan,"Rembang, 12-02-1973",Wiraswasta,"Gg. Pakis No.27, Kel. Beji, Kec. Beji",3276061202730010,11360,005/003,Rangkapan Jaya Baru,Pancoran Mas,,270,270,00008,51,00068,219,SHM No.08394/Rangkapan Jaya Baru (NIB 10.27.000051350.0),"Pagar, lt.floor/beton, papan reklame, septictank+rembesan",,"PBT No. 749/2026, 31 Juli 2026; Surat Dinas Perumahan dan Pemukiman, 31 Juli 2026"
9,9,PT Maira Graha Sarana,,,,,11230,005/003,Rangkapan Jaya Baru,Pancoran Mas,,210,210,00009,48,00069,162,SHGB No.02450/Rangkapan Jaya Baru (NIB 11230),Hotmix,,"PBT No. 749/2026, 31 Juli 2026; Surat Dinas Perumahan dan Pemukiman, 31 Juli 2026"
10,10,Hidayat,"Jakarta, 09-11-1968",Wiraswasta,"Parung Bingung, Kel. Rangkapan Jaya Baru, Kec. Pancoran Mas",3276010911660007,,005/003,Rangkapan Jaya Baru,Pancoran Mas,,360,360,00010,27,00090,333,SHM NIB No.10.27.000004408.0,Lt.floor/beton,,"PBT No. 749/2026, 31 Juli 2026; Surat Dinas Perumahan dan Pemukiman, 31 Juli 2026"
11,11,(PHD) PT. Sari Melati Kencana,,,,,14690,005/003,Rangkapan Jaya Baru,Pancoran Mas,,118,118,00011,27,00091,91,SHGB No.02449/Rangkapan Jaya Baru (NIB 14690),"Lt.floor/beton, IPAL, septictank+rembesan, penyambungan air PAM, papan reklame",,"PBT No. 749/2026, 31 Juli 2026; Surat Dinas Perumahan dan Pemukiman, 31 Juli 2026"
12,12,Nanik Hendrarti (Ahli Waris Alm. Budi Harso),"Batu Raja, 08-10-1954",Guru,"Parung Bingung, Kel. Rangkapan Jaya Baru, Kec. Pancoran Mas",3276014910540001,02282,005/003,Rangkapan Jaya Baru,Pancoran Mas,,553,545,00012,27,00092,518,SHM No.02423/Rangkapan Jaya Baru (SU 02282),"Paving block, papan reklame",,"PBT No. 749/2026, 31 Juli 2026; Surat Dinas Perumahan dan Pemukiman, 31 Juli 2026"
13,13,Rulli Firmansyah,"Jakarta, 13-03-1964",Karyawan BUMN,"Legoso Raya No.66, Kel. Pisangan, Kec. Ciputat Timur",3674051303640003,02264,005/003,Rangkapan Jaya Baru,Pancoran Mas,,323,323,00013,65,00093,258,SHM No.02410/Rangkapan Jaya Baru (SU 02264),"Hotmix, pagar, papan reklame, sumur resapan",,"PBT No. 749/2026, 31 Juli 2026; Surat Dinas Perumahan dan Pemukiman, 31 Juli 2026"
14,14,Tony,"Pekanbaru, 21-01-1971",Wiraswasta,"Jl. RE Martadinata, Kel. Ciputat, Kec. Ciputat",3674042101710002,02263,005/003,Rangkapan Jaya Baru,Pancoran Mas,,313,313,00014,99,00094,214,SHM No.02409/Rangkapan Jaya Baru (SU 02263),"Bangunan permanen, lt.floor/beton",,"PBT No. 749/2026, 31 Juli 2026; Surat Dinas Perumahan dan Pemukiman, 31 Juli 2026"
15,15,Denny Adrianz,"Jakarta, 16-01-1966",Karyawan Swasta,"Jl. Mampang Prapatan XIV/20, Kel. Tegal Parang, Kec. Mampang Prapatan",3174031601660001,13407,005/003,Rangkapan Jaya Baru,Pancoran Mas,,1002,1002,00015,580,00095,422,SHM No.10235/Rangkapan Jaya Baru (13407),Pagar,"Petai Cina 60, Waru 2, Salak 2, Mengkudu 3, Sirsak 1, Nangka 1, Rambutan 2, Pepaya Jepang 5","PBT No. 749/2026, 31 Juli 2026; Surat Dinas Perumahan dan Pemukiman, 31 Juli 2026; Surat Dinas Ketahanan Pangan, Pertanian dan Perikanan, 31 Juli 2026"
16,16,Sakinah Bauzir,"Banyuwangi, 03-03-1974",Mengurus Rumah Tangga,"Jl. Raya Sawangan, Kel. Rangkapan Jaya Baru, Kec. Pancoran Mas",3276014303740016,,005/003,Rangkapan Jaya Baru,Pancoran Mas,,766,787,00016,270,00096,517,SHM NIB No.10.27.000047667.0,"Bangunan permanen, teras, lt.floor/beton, pagar, sumur pantek, septictank+rembesan, listrik","Kamboja 1, Pandan Bali 1, Salak 1","PBT No. 749/2026, 31 Juli 2026; Surat Dinas Perumahan dan Pemukiman, 31 Juli 2026; Surat Dinas Ketahanan Pangan, Pertanian dan Perikanan, 31 Juli 2026"
17,17,Mochtar Bachmid; Nazly Muhammad Askar,"Denpasar, 04-06-1980",Pedagang,"Jl. PB Sudirman No.18 DPS, Kel. Dauh Puri Kelod, Kec. Denpasar Barat",5171030400800002,,005/003,Rangkapan Jaya Baru,Pancoran Mas,,394,394,00017,133,00097,261,SHM NIB No.10.27.000047666.0; AJB No.06/2025 (25-11-2025),"Lt.floor/beton, pagar besi, pagar spandek",,"PBT No. 749/2026, 31 Juli 2026; Surat Dinas Perumahan dan Pemukiman, 31 Juli 2026"
18,18,Mahdi Hidayatullah,"Jakarta, 25-01-1975",Wiraswasta,"Jl. Puri Pesanggrahan IV NR/2 BCI, Kel. Cinere, Kec. Cinere",3674052501750002,02640,005/003,Rangkapan Jaya Baru,Pancoran Mas,,2000,1938,00018,474,00098,1464,SHM No.12243/Rangkapan Jaya Baru (SU 02640),Pagar (rangka hollow),Angsana 1,"PBT No. 749/2026, 31 Juli 2026; Surat Dinas Perumahan dan Pemukiman, 31 Juli 2026; Surat Dinas Ketahanan Pangan, Pertanian dan Perikanan, 31 Juli 2026"
19,19,Jalan Gang Es Kelapa Muda,,,,,,005/003,Rangkapan Jaya Baru,Pancoran Mas,,,89,00019,89,,,,,,"PBT No. 749/2026, 31 Juli 2026; Surat Dinas Perumahan dan Pemukiman, 31 Juli 2026"
20,20,Mahdi Hidayatullah (parkiran),"Jakarta, 25-01-1975",Wiraswasta,"Jl. Puri Pesanggrahan IV NR/2 BCI, Kel. Cinere, Kec. Cinere",3674052501750002,GS. 7386,005/003,Rangkapan Jaya Baru,Pancoran Mas,,1178,931,00020,244,00099,687,GS 7386,"Jalan beton, saluran U-ditch",,"PBT No. 749/2026, 31 Juli 2026; Surat Dinas Perumahan dan Pemukiman, 31 Juli 2026"
21,21,Mahdi Hidayatullah (parkiran),"Jakarta, 25-01-1975",Wiraswasta,"Jl. Puri Pesanggrahan IV NR/2 BCI, Kel. Cinere, Kec. Cinere",3674052501750002,GS. 1385,005/003,Rangkapan Jaya Baru,Pancoran Mas,,819,605,00021,224,00100,381,GS 1385,"Bangunan permanen, teras, paving block, halte, pagar, plang, lampu taman, tiang besi, listrik","Palm Botol 8, Bougenville 5","PBT No. 749/2026, 31 Juli 2026; Surat Dinas Perumahan dan Pemukiman, 31 Juli 2026; Surat Dinas Ketahanan Pangan, Pertanian dan Perikanan, 31 Juli 2026"
22,22,Kali Angsana,,,,,,005/003,Rangkapan Jaya Baru,Pancoran Mas,,,103,00022,103,,,,,,"PBT No. 749/2026, 31 Juli 2026; Surat Dinas Perumahan dan Pemukiman, 31 Juli 2026"
23,23,Jalan Lingkungan,,,,,,005/003,Rangkapan Jaya Baru,Pancoran Mas,,,41,00023,41,,,,,,"PBT No. 749/2026, 31 Juli 2026; Surat Dinas Perumahan dan Pemukiman, 31 Juli 2026"
24,24,H.M. Nasir,"Jakarta, 17-02-1955",Wiraswasta,"Jl. Pasar Karang Anyar, Kel. Karang Anyar, Kec. Sawah Besar",3171021702550003,16158,005/003,Rangkapan Jaya Baru,Pancoran Mas,,3647,3641,00024,431,00101,3210,SHM No.11711/Rangkapan Jaya Baru (16158),"Beragam bangunan permanen/semi permanen (kios & warung: Toko Kembang, Warung Nasi Sunda, Nasi Bebek, Sembako Kuningan, RM Padang) berikut listrik & sanitasi",,"PBT No. 749/2026, 31 Juli 2026; Surat Dinas Perumahan dan Pemukiman, 31 Juli 2026"
25,25,Linda Sugiarto,"Samarinda, 01-02-1973",Mengurus Rumah Tangga,"Banjar Wijaya Cluster Grassia Blok B.42/18, Kel. Cipete, Kec. Pinang",3611054702130005,12216,005/003,Rangkapan Jaya Baru,Pancoran Mas,,61,61,00025,47,00102,20,SHM No.09337/Rangkapan Jaya Baru (12216),"Bangunan permanen Lt.2 & Lt.1, teras, paving block, pagar, listrik",,"PBT No. 749/2026, 31 Juli 2026; Surat Dinas Perumahan dan Pemukiman, 31 Juli 2026"
26,26,"Setty Reniati, SE","Bandung, 04-09-1972",Pekerjaan Lainnya,"Jl. Timor No.128 Blok H, Kel. Cinere, Kec. Cinere",3273134409120005,12277,005/003,Rangkapan Jaya Baru,Pancoran Mas,,64,54,00026,47,00103,11,SHM No.09338/Rangkapan Jaya Baru (12277),"Bangunan permanen Lt.2 & Lt.1, paving block, listrik, papan reklame",,"PBT No. 749/2026, 31 Juli 2026; Surat Dinas Perumahan dan Pemukiman, 31 Juli 2026"
27,27,Bambang Suharto,"Jakarta, 21-02-1967",Karyawan Swasta,"Perum Sawangan Permai Blok S1 No.8, Kel. Pasir Putih, Kec. Sawangan",3276034702670002,12278,005/003,Rangkapan Jaya Baru,Pancoran Mas,,69,69,00027,45,00104,23,SHM No.09339/Rangkapan Jaya Baru (12278),"Bangunan permanen Lt.2 & Lt.1, teras, paving block, pagar, listrik",,"PBT No. 749/2026, 31 Juli 2026; Surat Dinas Perumahan dan Pemukiman, 31 Juli 2026"
28,28,Pemerintah Kota Depok,,,,,10259,005/003,Rangkapan Jaya Baru,Pancoran Mas,,236,236,00028,121,00105,115,SHP No.00190/Rangkapan Jaya Baru (10259),"Bangunan permanen, teras, paving block, pagar, lt.floor/beton, water torn+rangka, sumur pantek, septictank+rembesan, listrik",,"PBT No. 749/2026, 31 Juli 2026; Surat Dinas Perumahan dan Pemukiman, 31 Juli 2026"
29,29,Setianna Porba,"Kaban Jahe, 14-04-1958",Guru,"Komp Marinir Blok D No.15, Kel. Rangkapan Jaya Baru, Kec. Pancoran Mas",3276015404560002,10163,005/003,Rangkapan Jaya Baru,Pancoran Mas,,242,242,00029,138,00106,104,SHM No.07643/Rangkapan Jaya Baru (10163),"Bangunan semi permanen, lt.floor/beton, listrik, septictank+rembesan",,"PBT No. 749/2026, 31 Juli 2026; Surat Dinas Perumahan dan Pemukiman, 31 Juli 2026"
30,30,Balai Besar Wilayah Sungai Ciliwung-Cisadane,,,,,,005/003,Rangkapan Jaya Baru,Pancoran Mas,,,212,00030,168,00107,44,,"Bangunan permanen, teras, paving block, lt.floor/beton, pagar, alat ukur, menara, sumur pantek, septictank+rembesan, listrik","Pepaya 1, Jambu Air 1, Mangga 2","PBT No. 749/2026, 31 Juli 2026; Surat Dinas Perumahan dan Pemukiman, 31 Juli 2026; Surat Dinas Ketahanan Pangan, Pertanian dan Perikanan, 31 Juli 2026"
31,31,Kali Pesanggrahan,,,,,,005/003,Rangkapan Jaya Baru,Pancoran Mas,,,177,00031,177,,,,,,"PBT No. 749/2026, 31 Juli 2026; Surat Dinas Perumahan dan Pemukiman, 31 Juli 2026"
32,32,Kali Pesanggrahan,,,,,,005/003,Rangkapan Jaya Baru,Pancoran Mas,,,54,00032,54,,,,,,"PBT No. 749/2026, 31 Juli 2026; Surat Dinas Perumahan dan Pemukiman, 31 Juli 2026"
33,33,Erum Javaid,"Karachi, 28-12-1974",Mengurus Rumah Tangga,"Jl. Margasatwa Raya No.21 Kav P, Kel. Pondok Labu, Kec. Cilandak",3174096612740004,9925,001/010,Rangkapan Jaya Baru,Pancoran Mas,,145,145,00033,29,00108,116,SHM No.07856/Rangkapan Jaya Baru (9925),"Bangunan los rangka besi, lantai batu alam, bangunan permanen, sumur pantek",,"PBT No. 749/2026, 31 Juli 2026; Surat Dinas Perumahan dan Pemukiman, 31 Juli 2026"
34,34,Budiman Siregar,"Balige, 15-03-1968",Karyawan Swasta,"Komp Marinir Blok Q4 No.12, Kel. Rangkapan Jaya Baru, Kec. Pancoran Mas",3276011503660002,11101,001/010,Rangkapan Jaya Baru,Pancoran Mas,,200,200,00034,30,00109,170,SHM No.08062/Rangkapan Jaya Baru (11101),"Dokter (laptop), lt.floor/beton, papan reklame; disewakan sebagian (Sony Sanjaya, Miso Plastik)",,"PBT No. 749/2026, 31 Juli 2026; Surat Dinas Perumahan dan Pemukiman, 31 Juli 2026"
35,35,Rahmat Sudiro Prawira Bisma; Irmalina Pratiwiyasti,"Jakarta, 02-08-1976",Karyawan Swasta,"Parung Bingung, Kel. Rangkapan Jaya Baru, Kec. Pancoran Mas",3276012020876016,11100,001/010,Rangkapan Jaya Baru,Pancoran Mas,,896,896,00035,141,00110,745,SHM No.06061/Rangkapan Jaya Baru (11100),"Disewakan sebagian: Ahli Gigi, Bengkel, Cat Coklat/Hijau, Interior, Gordyn, Snow Kontrakan",,"PBT No. 749/2026, 31 Juli 2026; Surat Dinas Perumahan dan Pemukiman, 31 Juli 2026"
36,36,Rahmat Sudiro Prawira Bisma; Irmalina Pratiwiyasti,"Jakarta, 02-08-1976",Karyawan Swasta,"Parung Bingung, Kel. Rangkapan Jaya Baru, Kec. Pancoran Mas",3276012020876016,SU 1801,001/010,Rangkapan Jaya Baru,Pancoran Mas,,214,269,00036,96,00111,173,SHM No.04197/Rangkapan Jaya Baru (SU 1801),"Bangunan permanen Lt.2 & Lt.1, semi permanen, sumur gali, sumur pantek","Nangka 1, Mangga 2, Waru 1","PBT No. 749/2026, 31 Juli 2026; Surat Dinas Perumahan dan Pemukiman, 31 Juli 2026; Surat Dinas Ketahanan Pangan, Pertanian dan Perikanan, 31 Juli 2026"
37,37,Eddy Budiono,"Batang, 22-07-1952",Pegawai Negeri Sipil (PNS),"Rawadenok No.3, Kel. Rangkapan Jaya Baru, Kota Depok",3276012207520002,14650,001/010,Rangkapan Jaya Baru,Pancoran Mas,,101,102,00037,41,00112,61,SHM No.11031/Rangkapan Jaya Baru (14650),,,"PBT No. 749/2026, 31 Juli 2026; Surat Dinas Perumahan dan Pemukiman, 31 Juli 2026"
38,38,Eddy Budiono,"Batang, 22-07-1952",Pegawai Negeri Sipil (PNS),"Rawadenok No.3, Kel. Rangkapan Jaya Baru, Kota Depok",3276012207520002,01800,001/010,Rangkapan Jaya Baru,Pancoran Mas,,53,53,00038,19,00113,34,SHM No.04196/Rangkapan Jaya Baru (01800),"Lt.floor/beton, plang rangka besi, pintu portal besi, sumur pantek",,"PBT No. 749/2026, 31 Juli 2026; Surat Dinas Perumahan dan Pemukiman, 31 Juli 2026"
39,39,Eddy Budiono,"Batang, 22-07-1952",Pegawai Negeri Sipil (PNS),"Rawadenok No.3, Kel. Rangkapan Jaya Baru, Kota Depok",3276012207520002,01799,001/010,Rangkapan Jaya Baru,Pancoran Mas,,60,60,00039,18,00114,42,SHM No.04195/Rangkapan Jaya Baru (01799),Lt.floor/beton,,"PBT No. 749/2026, 31 Juli 2026; Surat Dinas Perumahan dan Pemukiman, 31 Juli 2026"
40,40,Jalan,,,,,,001/010,Rangkapan Jaya Baru,Pancoran Mas,,,25,00040,25,,,,,,"PBT No. 749/2026, 31 Juli 2026; Surat Dinas Perumahan dan Pemukiman, 31 Juli 2026"
41,41,Kali Angsana,,,,,,001/010,Rangkapan Jaya Baru,Pancoran Mas,,,38,00041,38,,,,,,"PBT No. 749/2026, 31 Juli 2026; Surat Dinas Perumahan dan Pemukiman, 31 Juli 2026"
42,42,Richard Nixon,"Kaimana, 31-07-1972",Karyawan Swasta,"Serpong Garden 2, Cluster Green Hill B10A No.7",3174063107720007,GS 07910,001/010,Rangkapan Jaya Baru,Pancoran Mas,,3025,3025,00042,459,00115,2565,SHM No.00335/Rangkapan Jaya (GS 07910),"Pagar, hotmix, bangunan terbuka","Rambutan 1, Kamboja 1, Durian 1, Palm 25, Waru 1, Pandan Bali 1, Kurma 2, Asoka 50, Bromelia 24","PBT No. 749/2026, 31 Juli 2026; Surat Dinas Perumahan dan Pemukiman, 31 Juli 2026; Surat Dinas Ketahanan Pangan, Pertanian dan Perikanan, 31 Juli 2026"
43,43,Dr. Hj. SJK Juniarti Hatta,"Tuban, 04-06-1946",Dokter,"Jl. RSPP 1/8 Cilandak, Kel. Cilandak Barat, Kec. Cilandak",3174064406460002,GS 2585,001/010,Rangkapan Jaya Baru,Pancoran Mas,,855,855,00043,133,00116,722,SHM No.12178/Rangkapan Jaya Baru (GS 2585),,"Beringin 1, Tanjung 1, Angsana 1, Kecapi 2, Mangga 2, Rambutan 1, Pisang 5, Nangka 1, Petai Cina 1, Melinjo 1","PBT No. 749/2026, 31 Juli 2026; Surat Dinas Perumahan dan Pemukiman, 31 Juli 2026; Surat Dinas Ketahanan Pangan, Pertanian dan Perikanan, 31 Juli 2026"
44,44,Dr. Hj. SJK Juniarti Hatta dkk (Ahli Waris Alm. Hatta Mustafa S.H.),"Tuban, 04-06-1946",Dokter,"Jl. RSPP 1/8 Cilandak, Kel. Cilandak Barat, Kec. Cilandak",3174064406460002,SU 2583,001/010,Rangkapan Jaya Baru,Pancoran Mas,,647,647,00044,176,00117,471,SHM No.12176/Rangkapan Jaya Baru (SU 2583); Surat Pernyataan Ahli Waris 24-03-2021,"Paving block, kanstin, pagar, pondasi batu kali/turap, lampu taman, tiang reklame","Pucuk Merah 16, Ketapang Kencana 3, Pepaya 3, Pandan Bali 2, Kapuk Varigata 1, Pisang 4","PBT No. 749/2026, 31 Juli 2026; Surat Dinas Perumahan dan Pemukiman, 31 Juli 2026; Surat Dinas Ketahanan Pangan, Pertanian dan Perikanan, 31 Juli 2026"
45,45,Dr. Hj. SJK Juniarti Hatta dkk (Ahli Waris Alm. Hatta Mustafa S.H.),"Tuban, 04-06-1946",Dokter,"Jl. RSPP 1/8 Cilandak, Kel. Cilandak Barat, Kec. Cilandak",3174064406460002,SU 2582,001/010,Rangkapan Jaya Baru,Pancoran Mas,,566,566,00045,229,00118,337,SHM No.12175/Rangkapan Jaya Baru (SU 2582); Surat Pernyataan Ahli Waris 24-03-2021,,,"PBT No. 749/2026, 31 Juli 2026; Surat Dinas Perumahan dan Pemukiman, 31 Juli 2026"
46,46,Dr. Hj. SJK Juniarti Hatta,"Tuban, 04-06-1946",Dokter,"Jl. RSPP 1/8 Cilandak, Kel. Cilandak Barat, Kec. Cilandak",3174064406460002,7534,001/010,Rangkapan Jaya Baru,Pancoran Mas,,655,655,00046,133,00119,522,SHM No.05892/Rangkapan Jaya Baru (7534),,,"PBT No. 749/2026, 31 Juli 2026; Surat Dinas Perumahan dan Pemukiman, 31 Juli 2026"
47,47,Yusrizal,"Alue Lhok, 08-09-1968",Karyawan Swasta,"Pura Bojonggede Blok P-4/01, Kel. Tajurhalang, Kec. Tajurhalang",3201370809680001,07876,001/010,Rangkapan Jaya Baru,Pancoran Mas,,223,212,00047,36,00120,176,SHM No.05988/Rangkapan Jaya Baru (07876),"Pagar, lt.floor/beton, gapura rangka besi, papan reklame",,"PBT No. 749/2026, 31 Juli 2026; Surat Dinas Perumahan dan Pemukiman, 31 Juli 2026"
48,48,Hj. Sri Hartati; Asap; Eem Hujaemah; Taufik Rahman; Sulaeman,"Bogor, 06-12-1962",Mengurus Rumah Tangga,"Parung Bingung, Kel. Rangkapan Jaya Baru, Kec. Pancoran Mas",3276014612620006,15852,001/010,Rangkapan Jaya Baru,Pancoran Mas,,77,72,00048,24,00121,48,SHM No.11191/Rangkapan Jaya Baru (15852),"Teras, lt.floor/beton canopy, pagar",,"PBT No. 749/2026, 31 Juli 2026; Surat Dinas Perumahan dan Pemukiman, 31 Juli 2026"
49,49,H.M. Nasir,"Jakarta, 17-02-1955",Wiraswasta,"Jl. Pasar Karang Anyar, Kel. Karang Anyar, Kec. Sawah Besar",3171021702550003,15851,001/010,Rangkapan Jaya Baru,Pancoran Mas,,106,101,00049,27,00122,74,SHM No.11190/Rangkapan Jaya Baru (15851),"Teras, lt.floor/beton canopy",,"PBT No. 749/2026, 31 Juli 2026; Surat Dinas Perumahan dan Pemukiman, 31 Juli 2026"
50,50,Sultan Faiz Rabani,"Tangerang, 26-04-2000",Pelajar/Mahasiswa,"Jl. Azalea Raya Blok 49 No.99, Kel. Limo, Kec. Limo",3276042604000005,15850,001/010,Rangkapan Jaya Baru,Pancoran Mas,,100,102,00050,27,00123,75,SHM No.11189/Rangkapan Jaya Baru (15850),"Teras, lt.floor/beton canopy, papan reklame, pagar",,"PBT No. 749/2026, 31 Juli 2026; Surat Dinas Perumahan dan Pemukiman, 31 Juli 2026"
51,51,Hj. Sri Hartati; Asap; Eem Hujaemah; Taufik Rahman; Sulaeman,"Bogor, 06-12-1962",Mengurus Rumah Tangga,"Parung Bingung, Kel. Rangkapan Jaya Baru, Kec. Pancoran Mas",3276014612620006,1716,001/010,Rangkapan Jaya Baru,Pancoran Mas,,120,163,00051,31,00124,132,SHM No.04152/Rangkapan Jaya Baru (1716),Lt.floor/beton,,"PBT No. 749/2026, 31 Juli 2026; Surat Dinas Perumahan dan Pemukiman, 31 Juli 2026"
52,52,Ade Lisa,"Batu Raja, 23-04-1987",Pegawai Negeri Sipil (PNS),"Puri Kanaya Residen No.88, Jl. Raya Krukut, Kel. Krukut, Kec. Limo",1601146904870006,17843,001/010,Rangkapan Jaya Baru,Pancoran Mas,,131,130,00052,53,00125,77,SHM No.13243/Rangkapan Jaya Baru (17843),"Bangunan los rangka besi, lt.floor/beton+canopy, pagar",,"PBT No. 749/2026, 31 Juli 2026; Surat Dinas Perumahan dan Pemukiman, 31 Juli 2026"
53,53,Vishin Kumar Chellani,"Jakarta, 18-04-1965",Wiraswasta,"Jl. RS Fatmawati No.5A, Kel. Gandaria Utara, Kec. Kebayoran Baru",3174071604650004,01747,001/010,Rangkapan Jaya Baru,Pancoran Mas,,1069,1069,00053,75,00126,994,SHM No.04151/Rangkapan Jaya Baru (SU 01747),"Paving block, pagar, papan reklame",,"PBT No. 749/2026, 31 Juli 2026; Surat Dinas Perumahan dan Pemukiman, 31 Juli 2026"
54,54,Vishin Kumar Chellani,"Jakarta, 18-04-1965",Wiraswasta,"Jl. RS Fatmawati No.5A, Kel. Gandaria Utara, Kec. Kebayoran Baru",3174071604650004,,001/010,Rangkapan Jaya Baru,Pancoran Mas,,645,845,00054,48,00127,600,SHM NIB No.10.27.000051635.0; AJB No.76/2025 (15-12-2025),,,"PBT No. 749/2026, 31 Juli 2026; Surat Dinas Perumahan dan Pemukiman, 31 Juli 2026"
55,55,Vishin Kumar Chellani,"Jakarta, 18-04-1965",Wiraswasta,"Jl. RS Fatmawati No.5A, Kel. Gandaria Utara, Kec. Kebayoran Baru",3174071604650004,01745,001/010,Rangkapan Jaya Baru,Pancoran Mas,,660,693,00055,34,00128,659,SHM NIB No.10.27.000057205.0 (SU 01745),"Lt.floor/beton, pagar",,"PBT No. 749/2026, 31 Juli 2026; Surat Dinas Perumahan dan Pemukiman, 31 Juli 2026"
56,56,Venny Salim; Yohanes Wijaya,,,,,1722,005/010,Rangkapan Jaya Baru,Pancoran Mas,,350,350,00056,27,00129,323,SHM No.04135/Rangkapan Jaya Baru (1722),"Pagar, paving block, papan reklame",,"PBT No. 749/2026, 31 Juli 2026; Surat Dinas Perumahan dan Pemukiman, 31 Juli 2026"
57,57,H.M. Nasir,"Jakarta, 17-02-1955",Wiraswasta,"Jl. Pasar Karang Anyar, Kel. Karang Anyar, Kec. Sawah Besar",3171021702550003,01721,005/010,Rangkapan Jaya Baru,Pancoran Mas,,365,349,00057,85,00130,264,SHM No.04134/Rangkapan Jaya Baru (SU 01721),"Pagar, lt.floor/beton, bangunan genset",,"PBT No. 749/2026, 31 Juli 2026; Surat Dinas Perumahan dan Pemukiman, 31 Juli 2026"
58,58,Jalan/Gang Langgar,,,,,,005/010,Rangkapan Jaya Baru,Pancoran Mas,,,18,00058,18,,,,,,"PBT No. 749/2026, 31 Juli 2026; Surat Dinas Perumahan dan Pemukiman, 31 Juli 2026"
59,59,Bary Yanto,"Pontianak, 30-10-1970",Karyawan Swasta,"Parung Bingung, Kel. Rangkapan Jaya Baru, Kec. Pancoran Mas",3276013010700002,01719,005/010,Rangkapan Jaya Baru,Pancoran Mas,,856,836,00059,149,00131,687,SHM No.04133/Rangkapan Jaya Baru (01719),"Bangunan permanen, lt.floor/beton, pagar, listrik",,"PBT No. 749/2026, 31 Juli 2026; Surat Dinas Perumahan dan Pemukiman, 31 Juli 2026"
60,60,Widyariri Naviati dkk (Ahli Waris Alm. Ny Koesniatun),"Jakarta, 04-11-1966",Mengurus Rumah Tangga,"Komp Pancoran Mas Permai, Jl. Kasturi Raya 13, Kel. Mampang, Kec. Pancoran Mas",3276014411660004,,005/010,Rangkapan Jaya Baru,Pancoran Mas,,500,499,00060,234,00132,265,AJB No.409/121Jbl/Agr/1978 (09-06-1978); Putusan PA Depok No.2706/Pdt.G/2017 (30-10-2017),"Bangunan permanen, pagar, listrik, septictank+rembesan, sumur pantek","Rambutan 1, Salak 1, Jambu Air 1, Pisang 3","PBT No. 749/2026, 31 Juli 2026; Surat Dinas Perumahan dan Pemukiman, 31 Juli 2026; Surat Dinas Ketahanan Pangan, Pertanian dan Perikanan, 31 Juli 2026"
61,61,Jalan Perum Lazuardi,,,,,,005/010,Rangkapan Jaya Baru,Pancoran Mas,,,34,00061,34,,,,Hotmix,,"PBT No. 749/2026, 31 Juli 2026; Surat Dinas Perumahan dan Pemukiman, 31 Juli 2026"
62,62,Dr Syafrizal,"Medan, 01-07-1966",Pegawai Negeri Sipil (PNS),"Jl. H Asmawi No.14, Kel. Beji, Kec. Beji",3175040107660004,02223,004/003,Rangkapan Jaya Baru,Pancoran Mas,,169,169,00062,107,00133,62,SHM No.00715/Rangkapan Jaya Baru (02223),"Bangunan permanen, lt.floor/beton, teras, listrik, septictank+rembesan, sumur pantek",,"PBT No. 749/2026, 31 Juli 2026; Surat Dinas Perumahan dan Pemukiman, 31 Juli 2026"
63,63,Citra Novi Brilianty (Ahli Waris Alm. Harini Syafrizal),"Jakarta, 02-11-1984",Dokter,"Jl. Karet Hijau, Kel. Beji Timur, Kec. Beji",3276064211840004,02221,004/003,Rangkapan Jaya Baru,Pancoran Mas,,591,584,00063,66,00134,518,SHM No.00713/Rangkapan Jaya Baru (02221),"Bangunan permanen, lt.floor/beton, listrik, papan reklame",,"PBT No. 749/2026, 31 Juli 2026; Surat Dinas Perumahan dan Pemukiman, 31 Juli 2026"
64,64,Wardoyo,"Yogyakarta, 06-11-1959",Pegawai Negeri Sipil (PNS),"Pesona Khayangan Blok T No.7, Kel. Mekarjaya, Kec. Sukmajaya",3276050811590004,02232,004/003,Rangkapan Jaya Baru,Pancoran Mas,,105,103,00064,57,00135,46,SHM No.00721/Rangkapan Jaya Baru (02232),"Bangunan permanen Lt.2 & Lt.1, teras/balkon, pagar, lt.floor/beton, listrik, septictank+rembesan",,"PBT No. 749/2026, 31 Juli 2026; Surat Dinas Perumahan dan Pemukiman, 31 Juli 2026"
65,65,Gang,,,,,,004/003,Rangkapan Jaya Baru,Pancoran Mas,,11,,00065,11,,,,,,"PBT No. 749/2026, 31 Juli 2026; Surat Dinas Perumahan dan Pemukiman, 31 Juli 2026"
66,66,Helmi Fahmi,"Bogor, 26-10-1986",Karyawan Swasta,"Parung Bingung, Kel. Rangkapan Jaya Baru, Kec. Pancoran Mas",3276012610860001,02231,004/003,Rangkapan Jaya Baru,Pancoran Mas,,76,60,00066,36,00136,24,SHM No.00720/Rangkapan Jaya Baru (02231),"Bangunan permanen, teras, listrik, septictank+rembesan, sumur pantek, papan reklame",,"PBT No. 749/2026, 31 Juli 2026; Surat Dinas Perumahan dan Pemukiman, 31 Juli 2026"
67,67,Titi Nuryati (Ahli Waris Alm. Matnur),"Bogor, 08-11-1978",Karyawan Swasta,"Parung Bingung, Jl. Duren, Kel. Rangkapan Jaya Baru, Kec. Pancoran Mas",3276014811780007,768,001/009,Rangkapan Jaya Baru,Pancoran Mas,,458,383,00067,38,00137,345,SHM No.00161/Rangkapan Jaya Baru (768),"Bangunan permanen Lt.3,2,1, teras, listrik, pagar, papan reklame, septictank+rembesan",Beringin 1,"PBT No. 749/2026, 31 Juli 2026; Surat Dinas Perumahan dan Pemukiman, 31 Juli 2026; Surat Dinas Ketahanan Pangan, Pertanian dan Perikanan, 31 Juli 2026"
68,68,Yayasan Madrasah Sirojul Athfal (Wakaf),,,,,4083,004/003,Rangkapan Jaya Baru,Pancoran Mas,,605,614,00068,126,00138,478,SHM No.00403/Rangkapan Jaya Baru (GS 4083),"Bangunan permanen Lt.3,2,1, teras, listrik, pagar, papan reklame, lantai keramik, sumur pantek, septictank+rembesan",,"PBT No. 749/2026, 31 Juli 2026; Surat Dinas Perumahan dan Pemukiman, 31 Juli 2026"
69,69,"Nursen, S.IP","Bogor, 06-07-1964",Pegawai Negeri Sipil (PNS),"Jl. Siat I No.21, Parung Bingung, Kel. Rangkapan Jaya Baru, Kec. Pancoran Mas",3276010607640003,02228,002/010,Rangkapan Jaya Baru,Pancoran Mas,,81,81,00069,55,00139,26,SHM No.00718/Rangkapan Jaya Baru (02228),"Bangunan permanen, lt.floor/beton, listrik, papan reklame",,"PBT No. 749/2026, 31 Juli 2026; Surat Dinas Perumahan dan Pemukiman, 31 Juli 2026"
70,70,PT. Indonesia Raya Maju,,,,,,004/003,Rangkapan Jaya Baru,Pancoran Mas,,142,142,00070,20,00140,122,SHM NIB No.10.27.000041175.0; Akta PPJB No.1 (24-04-2025),,,"PBT No. 749/2026, 31 Juli 2026; Surat Dinas Perumahan dan Pemukiman, 31 Juli 2026"
71,71,PT. Indonesia Raya Maju,,,,,2235,004/003,Rangkapan Jaya Baru,Pancoran Mas,,54,53,00071,36,00141,17,SHM No.00724/Rangkapan Jaya Baru (2235); Akta PPJB No.3 (24-04-2025),"Bangunan permanen Lt.2 & Lt.1, teras/balkon, sumur pantek, septictank+rembesan, water torn+rangka, listrik",,"PBT No. 749/2026, 31 Juli 2026; Surat Dinas Perumahan dan Pemukiman, 31 Juli 2026"
72,72,Herri Hendriyanto,"S. Duri, 22-02-1962",Wiraswasta,"Lingk Cipayung, Kel. Abadijaya, Kec. Sukmajaya",3276052202620007,14434,004/021,Rangkapan Jaya Baru,Pancoran Mas,,144,144,00072,28,00142,116,SHM No.10877/Rangkapan Jaya Baru (14434),"Lantai floor/beton, papan reklame, pagar",,"PBT No. 749/2026, 31 Juli 2026; Surat Dinas Perumahan dan Pemukiman, 31 Juli 2026"
73,73,PT. Indo Sukses Abadi,,,,,14435,004/003,Rangkapan Jaya Baru,Pancoran Mas,,151,150,00073,28,00143,122,SHGB No.02433/Rangkapan Jaya Baru (14435),Lantai floor/beton,,"PBT No. 749/2026, 31 Juli 2026; Surat Dinas Perumahan dan Pemukiman, 31 Juli 2026"
74,74,Herri Hendriyanto,"S. Duri, 22-02-1962",Wiraswasta,"Lingk Cipayung, Kel. Abadijaya, Kec. Sukmajaya",3276052202620007,14433,004/021,Rangkapan Jaya Baru,Pancoran Mas,,488,488,00074,41,00144,447,SHM No.10876/Rangkapan Jaya Baru (14433),"Lantai floor/beton, bangunan permanen, papan reklame",,"PBT No. 749/2026, 31 Juli 2026; Surat Dinas Perumahan dan Pemukiman, 31 Juli 2026"
75,75,Hidayat; Muhammad Wildansyah; Muhammad Aldiansyah; Muhammad Azri Maulana,"Jakarta, 09-11-1968",Wiraswasta,"Parung Bingung, Kel. Rangkapan Jaya Baru, Kec. Pancoran Mas",3276010911660007,10109,005/003,Rangkapan Jaya Baru,Pancoran Mas,,1529,1529,00075,18,00145,1511,SHGB No.08279/Rangkapan Jaya Baru (10109),"Lantai floor/beton, pagar",,"PBT No. 749/2026, 31 Juli 2026; Surat Dinas Perumahan dan Pemukiman, 31 Juli 2026"
76,76,Fadlun Shahab dkk (Ahli Waris Alm. Mohamed Anis Shahab),"Solo, 10-11-1950",Mengurus Rumah Tangga,"Jl. Miana No.2, Kel. Pondok Bambu, Kec. Duren Sawit",3174045011500001,,004/003,Rangkapan Jaya Baru,Pancoran Mas,,897,902,00076,126,00146,776,SHM No.00510/Rangkapan Jaya Baru (GS 288/1997),"Bangunan los rangka baja ringan, saung, pagar, lt.floor/beton, papan reklame",Mangga 1,"PBT No. 749/2026, 31 Juli 2026; Surat Dinas Perumahan dan Pemukiman, 31 Juli 2026; Surat Dinas Ketahanan Pangan, Pertanian dan Perikanan, 31 Juli 2026"
77,77,Safinah dkk (Ahli Waris Alm. Marwati),"Bogor, 03-09-1976",Guru,"Bulak Timur, Kel. Cipayung, Kec. Cipayung",3276014309760002,02241,004/003,Rangkapan Jaya Baru,Pancoran Mas,,174,174,00077,92,00147,82,SHM No.00730/Rangkapan Jaya Baru (02241),"Bangunan permanen, teras, lt.floor/beton, listrik, bangunan semi permanen, septictank+rembesan, sumur pantek",,"PBT No. 749/2026, 31 Juli 2026; Surat Dinas Perumahan dan Pemukiman, 31 Juli 2026"
78,78,Susi Lestari,"Banjarnegara, 20-10-1986",Mengurus Rumah Tangga,"Wanatangi, Kel. Sambong, Kec. Punggelan",3304128010860004,02238,004/003,Rangkapan Jaya Baru,Pancoran Mas,,421,422,00078,56,00148,366,SHM No.00727/Rangkapan Jaya Baru (02238),"Teras, saung, lt.floor/beton",,"PBT No. 749/2026, 31 Juli 2026; Surat Dinas Perumahan dan Pemukiman, 31 Juli 2026"
79,79,Risalatuih Shidqy dkk (Ahli Waris Alm. Syafri Sanur),"Rumbai, 19-04-1985",Buruh Harian Lepas,"Gg Masjid Cisalak, Kel. Cisalak, Kec. Sukmajaya",3276051904850010,,004/003,Rangkapan Jaya Baru,Pancoran Mas,,50,50,00079,34,00149,16,SHM No.00749/Rangkapan Jaya Baru,"Bangunan permanen Lt.2 & Lt.1, teras/balkon, listrik, sumur pantek, septictank+rembesan",,"PBT No. 749/2026, 31 Juli 2026; Surat Dinas Perumahan dan Pemukiman, 31 Juli 2026"
80,80,Pemerintah Kota Depok,,,,,,004/003,Rangkapan Jaya Baru,Pancoran Mas,,,23,00080,23,,,,"Saung, lt.floor/beton, pagar",,"PBT No. 749/2026, 31 Juli 2026; Surat Dinas Perumahan dan Pemukiman, 31 Juli 2026"
81,81,Mei Ling Widjojo,"Jakarta, 08-10-1963",Mengurus Rumah Tangga,"Pluit Selatan VI/6, Kel. Pluit, Jakarta Utara",3172014810630002,,004/003,Rangkapan Jaya Baru,Pancoran Mas,,1270,,00081,196,00150,1073,SHM No.01562/Rangkapan Jaya (196),"Bangunan permanen & lt.floor/beton (warung), bangunan terbuka/los & permanen (cuci mobil), bangunan semi permanen, listrik, papan reklame, hydrolix",,"PBT No. 749/2026, 31 Juli 2026; Surat Dinas Perumahan dan Pemukiman, 31 Juli 2026"
